epoch,epoch_time,freshness_accuracy,freshness_auc,freshness_loss,fruit_accuracy,fruit_loss,learning_rate,loss,val_freshness_accuracy,val_freshness_auc,val_freshness_loss,val_fruit_accuracy,val_fruit_loss,val_loss
0,242.01546450000023,0.9759690165519714,0.9948506355285645,0.0794009417295456,0.9768410921096802,0.07106224447488785,9.999999747378752e-05,0.15065723657608032,0.9918293356895447,0.9997221231460571,0.022847753018140793,0.9750340580940247,0.08182162791490555,0.10480576753616333
1,187.33676110000124,0.9917635917663574,0.9989774227142334,0.02651226334273815,0.9914728403091431,0.027555057778954506,9.999999747378752e-05,0.05411068722605705,0.993191123008728,0.9999717473983765,0.018428722396492958,0.9968225359916687,0.008593056350946426,0.027071945369243622
2,186.85931300000084,0.9956395626068115,0.999610960483551,0.014063025824725628,0.9964147210121155,0.011068238876760006,9.999999747378752e-05,0.025135960429906845,0.9977303743362427,0.9999975562095642,0.005368222016841173,1.0,0.002708014566451311,0.00809417013078928
3,187.13170600000012,0.994767427444458,0.9991354942321777,0.018369710072875023,0.992732584476471,0.024044115096330643,9.999999747378752e-05,0.04241909831762314,0.9995460510253906,0.9999999403953552,0.0040728021413087845,1.0,0.001788622816093266,0.005863306578248739
4,187.4402229999996,0.9959302544593811,0.9996408820152283,0.012895225547254086,0.9945736527442932,0.015630869194865227,9.999999747378752e-05,0.028530333191156387,0.9977303743362427,0.999997079372406,0.006815849803388119,0.990013599395752,0.032817576080560684,0.03972013294696808
5,186.88422859999991,0.9948643445968628,0.9993804693222046,0.016097256913781166,0.994670569896698,0.01709667779505253,9.999999747378752e-05,0.033210430294275284,0.989105761051178,0.9949423670768738,0.06331202387809753,0.9868361353874207,0.029680708423256874,0.09318660944700241
6,188.99467840000034,0.9968023300170898,0.9996470808982849,0.011134169064462185,0.9976744055747986,0.007828345522284508,9.999999747378752e-05,0.01899147406220436,0.9977303743362427,0.9999896287918091,0.007131781429052353,0.993191123008728,0.018780959770083427,0.02597152069211006
7,187.28897270000016,0.9998062252998352,0.9999998211860657,0.0008575234678573906,0.9996123909950256,0.0017353866714984179,2.9999999242136255e-05,0.0025969187263399363,0.9995460510253906,0.9999999403953552,0.0013362476602196693,0.9995460510253906,0.001023393007926643,0.0023649942595511675
8,197.74585040000056,1.0,0.9999999403953552,0.00036262546200305223,0.9998062252998352,0.0007479928899556398,2.9999999242136255e-05,0.0011122855357825756,0.9995460510253906,0.9999999403953552,0.0013291516806930304,1.0,0.00044524791883304715,0.001778425881639123
9,188.3719299000004,1.0,0.9999999403953552,0.0002608472132124007,0.9999030828475952,0.0003210989525541663,2.9999999242136255e-05,0.0005806459812447429,1.0,1.0,0.00023707876971457154,1.0,0.0002519143163226545,0.0004901004140265286
10,192.2289440000004,0.9999030828475952,0.9999998211860657,0.0005791927687823772,1.0,9.020876314025372e-05,2.9999999242136255e-05,0.000670432229526341,0.9972764253616333,0.9995054006576538,0.008189934305846691,1.0,0.0006122040213085711,0.008822114206850529
11,188.84466959999918,0.9996123909950256,0.999893844127655,0.0019774362444877625,0.9998062252998352,0.0007592394831590354,2.9999999242136255e-05,0.0027407321613281965,1.0,1.0,0.0004997029318474233,1.0,0.00033952301600947976,0.0008409666479565203
12,188.08196000000135,0.9998062252998352,0.9999999403953552,0.000554791244212538,0.999321699142456,0.002730659209191799,2.9999999242136255e-05,0.0032805970404297113,0.9986382126808167,1.0,0.001975688152015209,1.0,0.000617514771874994,0.0025990863796323538
13,188.72382319999997,0.9998062252998352,0.9999998807907104,0.0005282054771669209,0.9998062252998352,0.0006773641798645258,8.999999408842996e-06,0.0012063476024195552,0.9995460510253906,0.9999999403953552,0.0011903888080269098,0.9995460510253906,0.0007492690929211676,0.0019440592732280493
14,188.79868309999983,0.9998062252998352,0.999999463558197,0.0007092651212587953,1.0,0.00027443800354376435,8.999999408842996e-06,0.000985223799943924,0.9995460510253906,0.9999991059303284,0.0014111165655776858,1.0,0.0004055307654198259,0.0018207650864496827
15,189.41475290000017,1.0,0.9999999403953552,0.00011654639092739671,0.9997093081474304,0.00047402564086951315,8.999999408842996e-06,0.000591469812206924,0.9995460510253906,1.0,0.0008765225647948682,1.0,0.0005631056847050786,0.001442893873900175
16,189.09584150000046,1.0,0.9999999403953552,0.00018009771883953363,0.9999030828475952,0.00023881807283032686,2.699999868127634e-06,0.00041953116306103766,1.0,0.9999999403953552,0.00044787395745515823,1.0,0.0003519838792271912,0.0008016708889044821
17,189.75714659999903,1.0,1.0,0.00013183183909859508,1.0,9.156036685453728e-05,2.699999868127634e-06,0.000223728027776815,1.0,1.0,0.0005084981094114482,1.0,0.00035990873584523797,0.000870376592501998
