combined_label,class,folder,raw,removed,clean,train,val,test,train_pct,val_pct,test_pct
0,Banana_fresh,F_Banana,1000,1,999,699,150,150,70.0,15.0,15.0
1,Banana_spoiled,S_Banana,1000,0,1000,700,150,150,70.0,15.0,15.0
2,Lemon_fresh,F_Lemon,1000,445,555,391,82,82,70.5,14.8,14.8
3,Lemon_spoiled,S_Lemon,1000,0,1000,700,150,150,70.0,15.0,15.0
4,Lulo_fresh,F_Lulo,1000,442,558,394,82,82,70.6,14.7,14.7
5,Lulo_spoiled,S_Lulo,1000,0,1000,700,150,150,70.0,15.0,15.0
6,Mango_fresh,F_Mango,1000,0,1000,700,150,150,70.0,15.0,15.0
7,Mango_spoiled,S_Mango,1000,0,1000,700,150,150,70.0,15.0,15.0
8,Orange_fresh,F_Orange,1000,0,1000,700,150,150,70.0,15.0,15.0
9,Orange_spoiled,S_Orange,1000,0,1000,700,150,150,70.0,15.0,15.0
10,Strawberry_fresh,F_Strawberry,1000,0,1000,700,150,150,70.0,15.0,15.0
11,Strawberry_spoiled,S_Strawberry,1000,0,1000,700,150,150,70.0,15.0,15.0
12,Tamarillo_fresh,F_Tamarillo,1000,318,682,486,98,98,71.3,14.4,14.4
13,Tamarillo_spoiled,S_Tamarillo,1000,0,1000,700,150,150,70.0,15.0,15.0
14,Tomato_fresh,F_Tomato,1000,0,1000,700,150,150,70.0,15.0,15.0
15,Tomato_spoiled,S_Tomato,1000,68,932,650,141,141,69.7,15.1,15.1
,TOTAL,,16000,1274,14726,10320,2203,2203,70.1,15.0,15.0
