run,model,augmentation,batch_size,seed,limit_per_class,started,stage1_lr,stage1_epochs,stage1_best_epoch,fine_tune_from,unfrozen_layers,unfrozen_layers_with_weights,trainable_params_stage2,stage2_lr,stage2_epochs,stage2_best_epoch,train_minutes,val_fruit_accuracy,val_fruit_precision,val_fruit_recall,val_fruit_f1,val_freshness_accuracy,val_freshness_precision,val_freshness_recall,val_freshness_f1,val_freshness_macro_f1,val_freshness_auc,val_joint_accuracy,val_joint_precision,val_joint_recall,val_joint_f1,params,learning_rate,max_epochs,epochs_trained,best_epoch,resumed_after_epoch,init_from
model3_mobilenet_v2,transfer,True,32,42,,2026-10-03T13:46:27,0.001,12.0,9.0,block_13_expand,38.0,13.0,1910409.0,0.0001,21.0,13.0,152.8,0.9995,0.9995,0.9996,0.9995,0.9995,0.9992,1.0,0.9996,0.9995,1.0,0.9991,0.9988,0.9992,0.999,2505033,,,,,,
model1_simple_cnn,simple_cnn,True,32,42,,2026-10-03T13:46:28,,,,,,,,,,,255.9,0.9814,0.9821,0.9818,0.9818,0.9873,0.9818,0.995,0.9883,0.9872,0.9992,0.975,0.9756,0.9753,0.9751,3751632,0.001,40.0,40.0,40.0,,
model2_multitask_cnn,multitask_cnn,True,32,42,,2026-10-03T20:33:05,,,,,,,,,,,118.9,0.9828,0.983,0.9826,0.9826,0.9891,0.981,0.9992,0.99,0.989,0.9996,0.9755,0.9772,0.9741,0.9751,4986345,0.001,40.0,25.0,17.0,17.0,
model1_simple_cnn_noaug,simple_cnn,False,32,42,,2026-10-03T21:13:55,,,,,,,,,,,77.4,0.9628,0.9646,0.9651,0.9646,0.9542,0.9666,0.9479,0.9572,0.9539,0.9906,0.9278,0.9227,0.9272,0.9243,3751632,0.001,40.0,22.0,14.0,,
model2_multitask_cnn_noaug,multitask_cnn,False,32,42,,2026-10-03T22:31:51,,,,,,,,,,,132.6,0.9809,0.9807,0.9813,0.9808,0.9955,0.9933,0.9983,0.9958,0.9954,0.9998,0.9764,0.9753,0.9759,0.9751,4986345,0.001,40.0,30.0,22.0,,
model3_mobilenet_v2_noaug,transfer,False,32,42,,2026-10-04T09:50:17,0.001,12.0,9.0,block_13_expand,38.0,13.0,1910409.0,0.0001,12.0,4.0,60.7,0.9991,0.999,0.9992,0.9991,0.9995,1.0,0.9992,0.9996,0.9995,1.0,0.9986,0.9984,0.9987,0.9986,2505033,,,,,,
model3_ft_none,transfer,True,32,42,,2026-10-04T10:52:17,,,,none (frozen backbone),,,,,,,0.1,0.9964,0.9965,0.9962,0.9963,0.9959,0.9992,0.9933,0.9962,0.9959,0.9999,0.9923,0.9918,0.9926,0.9922,2505033,,,,,,models/model3_mobilenet_v2_stage1.keras
model3_ft_block16,transfer,True,32,42,,2026-10-04T10:54:10,,,,block_16_expand,11.0,4.0,1126089.0,0.0001,25.0,21.0,70.8,1.0,1.0,1.0,1.0,0.9991,0.9992,0.9992,0.9992,0.9991,1.0,0.9991,0.9988,0.9988,0.9988,2505033,,,,,,models/model3_mobilenet_v2_stage1.keras
model3_ft_block10,transfer,True,32,42,,2026-10-04T12:05:45,,,,block_10_expand,64.0,22.0,2206857.0,0.0001,25.0,19.0,79.1,0.9995,0.9995,0.9996,0.9995,0.9991,0.9983,1.0,0.9992,0.9991,1.0,0.9991,0.9992,0.9992,0.9992,2505033,,,,,,models/model3_mobilenet_v2_stage1.keras
model3_ft_block6,transfer,True,32,42,,2026-10-04T13:25:38,,,,block_6_expand,100.0,34.0,2384841.0,0.0001,18.0,10.0,57.8,1.0,1.0,1.0,1.0,1.0,1.0,1.0,1.0,1.0,1.0,1.0,1.0,1.0,1.0,2505033,,,,,,models/model3_mobilenet_v2_stage1.keras
model3_ft_all,transfer,True,32,42,,2026-10-04T14:24:46,,,,all,153.0,52.0,2436809.0,0.0001,20.0,12.0,99.9,1.0,1.0,1.0,1.0,0.9995,0.9992,1.0,0.9996,0.9995,1.0,0.9995,0.9996,0.9996,0.9996,2505033,,,,,,models/model3_mobilenet_v2_stage1.keras
