run,fruit_accuracy,fruit_precision,fruit_recall,fruit_f1,freshness_accuracy,freshness_precision,freshness_recall,freshness_f1,freshness_macro_f1,freshness_auc,joint_accuracy,joint_precision,joint_recall,joint_f1,val_fruit_accuracy,val_fruit_precision,val_fruit_recall,val_fruit_f1,val_freshness_accuracy,val_freshness_precision,val_freshness_recall,val_freshness_f1,val_freshness_macro_f1,val_freshness_auc,val_joint_accuracy,val_joint_precision,val_joint_recall,val_joint_f1,joint_errors,params,trainable_params,train_minutes,infer_ms_bs1,infer_ms_bs32,unfrozen_layers,fine_tune_from,augmentation
model3_mobilenet_v2,1.0,1.0,1.0,1.0,0.9972764412165229,0.9983179142136249,0.9966414777497901,0.9974789915966387,0.9972587455515276,0.9998183012913053,0.9972764412165229,0.996415908127262,0.9972789115646259,0.9968319866174615,0.9995460735360872,0.9994635193133048,0.9995833333333333,0.9995225016604736,0.9995460735360872,0.9991610738255033,1.0,0.9995803608896349,0.9995430227582134,1.0,0.9990921470721743,0.998833080667039,0.9991666666666666,0.9989955107245299,6,2505033,1910409,152.8,40.677500001038425,13.050164062519798,38.0,block_13_expand,True
model1_simple_cnn,0.9909214707217431,0.9909658793674017,0.9911664640742481,0.9910213126081622,0.9872900590104403,0.985797827903091,0.9907640638119227,0.9882747068676717,0.9871997914913185,0.9992649084205321,0.9809350885156605,0.980351561367233,0.9788863368388352,0.9794272204977551,0.9813890149795733,0.9820963561007381,0.9817620833954489,0.9817829283769646,0.9872900590104403,0.9817729908864954,0.9949622166246851,0.9883236030025021,0.9871896899474661,0.9992284027438995,0.9750340444847935,0.9755884479210117,0.975275903822868,0.975056953678741,42,3751632,3751632,255.9,17.212549999385374,6.204993750031917,,,True
model2_multitask_cnn,0.9872900590104403,0.9872692980171589,0.9880268955769871,0.9873673038133319,0.988197911938266,0.9858215179316097,0.9924433249370277,0.9891213389121339,0.9881122567576544,0.9993296230291083,0.9795733091239219,0.9780850865543187,0.9795694022289767,0.9784570863864295,0.9827507943713119,0.9830304358379223,0.9826250195903046,0.9826052291480277,0.9891057648660917,0.9810387469084914,0.9991603694374476,0.9900166389351082,0.9890143134735481,0.9996366025826107,0.9754879709487063,0.9771834994117654,0.9741364127384218,0.975148311834745,45,4986345,4980521,118.9,20.847100000537466,7.0532312499835825,,,True
model1_simple_cnn_noaug,0.9564230594643668,0.9588039955445238,0.9586137207626648,0.9577974033258954,0.952791647753064,0.959425190194421,0.9529806884970613,0.9561920808761584,0.9525054892569769,0.9893901228913823,0.9237403540626419,0.9238090359812647,0.9221467183136878,0.9198703781756219,0.9627780299591466,0.9646122031449247,0.9650563651288755,0.9646256134852992,0.9541534271448026,0.9666095890410958,0.9479429051217464,0.9571852479864349,0.9539223748481271,0.990618041105392,0.9278256922378575,0.9226581730674706,0.9272486488108477,0.9242567714950977,168,3751632,3751632,77.4,17.95654999841645,6.07818750000888,,,False
model2_multitask_cnn_noaug,0.9886518384021789,0.9887077138342873,0.9894286941580757,0.9890048595462817,0.9900136177939174,0.9966015293118097,0.9848866498740554,0.9907094594594594,0.9899572812508288,0.9993818925206506,0.9804811620517476,0.9798016340900411,0.9813837377192703,0.9799904951948161,0.9809350885156605,0.9807214072824627,0.9813364290792748,0.9808465487357869,0.9954607353608715,0.9933166248955723,0.998320738874895,0.9958123953098827,0.9954284969611852,0.999832405757277,0.976395823876532,0.9752797397270487,0.9759338870472942,0.9751352143176966,43,4986345,4980521,132.6,21.837300000697724,6.554864062536581,,,False
model3_mobilenet_v2_noaug,0.9959146618247844,0.9955594049388639,0.9961855670103092,0.9958415049642135,0.9972764412165229,0.9991575400168492,0.9958018471872376,0.9974768713204374,0.9972591457193902,0.999943582136113,0.9931911030413073,0.9921175115867862,0.9934757200752642,0.9927250462021777,0.9990921470721743,0.9989615112811763,0.9991537800687285,0.999055846306664,0.9995460735360872,1.0,0.9991603694374476,0.999580008399832,0.9995430906196691,0.9999991703255311,0.9986382206082615,0.9984164140003724,0.9987234042553191,0.998565454229372,15,2505033,1910409,60.7,37.884350000240374,12.514362500041898,38.0,block_13_expand,False
model3_ft_none,0.9950068088969587,0.9949592534587759,0.994802135534328,0.9948614453204132,0.9859282796187018,0.9915254237288136,0.982367758186398,0.9869253479544496,0.9858459663605172,0.9989844784500355,0.9818429414434862,0.9785128659872688,0.9813314111321747,0.9796971781128326,0.9963685882886972,0.9964552449957531,0.9961821912663555,0.9963100843137188,0.9959146618247844,0.9991554054054054,0.9932829554995802,0.9962105263157894,0.9958896058462257,0.9999178622275764,0.9922832501134816,0.9917727036983509,0.9926423867419307,0.9921726027347975,40,2505033,247049,0.1,44.58785000133503,12.408957812510835,,none (frozen backbone),True
model3_ft_block16,0.9986382206082615,0.9986701773983351,0.9985057471264368,0.9985834018772966,0.9945528824330458,0.9966301600673968,0.9932829554995802,0.9949537426408747,0.9945182914387805,0.9996838940273394,0.9936450295052202,0.9922522129215998,0.9937244897959183,0.9929388787971918,1.0,1.0,1.0,1.0,0.9990921470721743,0.9991603694374476,0.9991603694374476,0.9991603694374476,0.9990861135724787,0.9999966813021243,0.9990921470721743,0.9988211382113821,0.9988211382113821,0.9988211382113821,14,2505033,1126089,70.8,37.40154999832157,13.861043750011959,11.0,block_16_expand,True
model3_ft_block10,1.0,1.0,1.0,1.0,0.9977303676804358,0.9983193277310924,0.9974811083123426,0.99790004199916,0.9977154530983454,0.9998896532956328,0.9977303676804358,0.9971429398219686,0.9975711382113821,0.9973404508666093,0.9995460735360872,0.9994979919678715,0.9995833333333333,0.9995398098104487,0.9990921470721743,0.9983235540653814,1.0,0.9991610738255033,0.9990859770710108,0.9999991703255311,0.9990921470721743,0.9991721854304636,0.9991666666666666,0.999165254520725,5,2505033,2206857,79.1,35.141799999109935,12.535332812490196,64.0,block_10_expand,True
model3_ft_block6,0.9995460735360872,0.9994635193133048,0.9994612068965517,0.999461204393971,0.9963685882886972,1.0,0.9932829554995802,0.9966301600673968,0.9963465760966905,0.9999344557169549,0.9963685882886972,0.9943312576147285,0.9966666666666667,0.9953504038219251,1.0,1.0,1.0,1.0,1.0,1.0,1.0,1.0,1.0,1.0,1.0,1.0,1.0,1.0,8,2505033,2384841,57.8,42.904449999696226,13.728629687477678,100.0,block_6_expand,True
model3_ft_all,1.0,1.0,1.0,1.0,0.9986382206082615,1.0,0.9974811083123426,0.9987389659520807,0.9986294731092421,0.9999958516276554,0.9986382206082615,0.9977941176470588,0.99875,0.9982459323776689,1.0,1.0,1.0,1.0,0.9995460735360872,0.9991610738255033,1.0,0.9995803608896349,0.9995430227582134,1.0,0.9995460735360872,0.9995860927152318,0.9995833333333333,0.9995833287036522,3,2505033,2436809,99.9,48.63550000118266,12.584000000003925,153.0,all,True
