run,freshness_accuracy,freshness_precision,freshness_recall,freshness_f1,freshness_macro_f1,freshness_auc
model3_mobilenet_v2,0.99728,0.99832,0.99664,0.99748,0.99726,0.99982
model1_simple_cnn,0.98729,0.9858,0.99076,0.98827,0.9872,0.99926
model2_multitask_cnn,0.9882,0.98582,0.99244,0.98912,0.98811,0.99933
model1_simple_cnn_noaug,0.95279,0.95943,0.95298,0.95619,0.95251,0.98939
model2_multitask_cnn_noaug,0.99001,0.9966,0.98489,0.99071,0.98996,0.99938
model3_mobilenet_v2_noaug,0.99728,0.99916,0.9958,0.99748,0.99726,0.99994
model3_ft_none,0.98593,0.99153,0.98237,0.98693,0.98585,0.99898
model3_ft_block16,0.99455,0.99663,0.99328,0.99495,0.99452,0.99968
model3_ft_block10,0.99773,0.99832,0.99748,0.9979,0.99772,0.99989
model3_ft_block6,0.99637,1.0,0.99328,0.99663,0.99635,0.99993
model3_ft_all,0.99864,1.0,0.99748,0.99874,0.99863,1.0
