group,n_files,width_min,width_max,height_min,height_max,aspect_min,aspect_max,modes,file_kb_mean,file_kb_min,file_kb_max,mean_r,mean_g,mean_b,std_r,std_g,std_b
F_Banana,1000,224,224,224,224,1.0,1.0,RGB,5.84,3.21,9.17,0.5171,0.4686,0.419,0.1999,0.1924,0.1868
F_Lemon,1000,224,224,224,224,1.0,1.0,RGB,6.26,3.56,9.95,0.4137,0.3983,0.3913,0.188,0.1746,0.1831
F_Lulo,1000,224,224,224,224,1.0,1.0,RGB,7.21,4.61,9.81,0.4891,0.3753,0.306,0.2503,0.1971,0.1939
F_Mango,1000,224,224,224,224,1.0,1.0,RGB,5.57,2.48,11.51,0.4936,0.4225,0.3846,0.1947,0.1648,0.1654
F_Orange,1000,224,224,224,224,1.0,1.0,RGB,5.61,2.87,10.19,0.4797,0.4137,0.3566,0.2276,0.198,0.1962
F_Strawberry,1000,224,224,224,224,1.0,1.0,RGB,6.13,2.61,10.57,0.501,0.4348,0.4072,0.1961,0.1952,0.19
F_Tamarillo,1000,224,224,224,224,1.0,1.0,RGB,5.81,2.78,10.16,0.5126,0.4364,0.4144,0.1533,0.1632,0.1639
F_Tomato,1000,224,224,224,224,1.0,1.0,RGB,5.49,2.47,10.16,0.5018,0.4256,0.4095,0.1973,0.1973,0.1866
S_Banana,1000,224,224,224,224,1.0,1.0,RGB,5.58,2.96,9.7,0.5185,0.4848,0.445,0.2308,0.232,0.226
S_Lemon,1000,224,224,224,224,1.0,1.0,RGB,6.78,3.93,12.24,0.489,0.3822,0.3853,0.2227,0.1989,0.2056
S_Lulo,1000,224,224,224,224,1.0,1.0,RGB,5.79,2.75,10.07,0.4286,0.3563,0.2792,0.2509,0.2076,0.1915
S_Mango,1000,224,224,224,224,1.0,1.0,RGB,6.44,2.66,11.53,0.5216,0.4299,0.3937,0.1887,0.17,0.1796
S_Orange,1000,224,224,224,224,1.0,1.0,RGB,6.7,3.32,12.22,0.4513,0.4209,0.4081,0.2257,0.2116,0.2421
S_Strawberry,1000,224,224,224,224,1.0,1.0,RGB,6.22,2.43,11.93,0.5541,0.4825,0.4524,0.1539,0.1614,0.1805
S_Tamarillo,1000,224,224,224,224,1.0,1.0,RGB,6.12,2.68,9.99,0.4897,0.4087,0.3648,0.1908,0.1774,0.1748
S_Tomato,1000,224,224,224,224,1.0,1.0,RGB,6.16,2.46,11.06,0.5049,0.4085,0.3774,0.2066,0.1951,0.1901
ALL (raw),16000,224,224,224,224,1.0,1.0,RGB,6.11,2.43,12.24,0.4916,0.4218,0.3872,0.2095,0.1939,0.1969
ALL (after cleaning),14726,224,224,224,224,1.0,1.0,RGB,6.08,2.43,12.24,0.4936,0.4237,0.389,0.2094,0.1947,0.1975
