epoch,epoch_time,freshness_accuracy,freshness_auc,freshness_loss,fruit_accuracy,fruit_loss,learning_rate,loss,val_freshness_accuracy,val_freshness_auc,val_freshness_loss,val_fruit_accuracy,val_fruit_loss,val_loss
0,304.96645110001555,0.6921511888504028,0.7600311636924744,0.5806941390037537,0.5324612259864807,1.261323094367981,0.0010000000474974,1.842839241027832,0.4847934544086456,0.6341338157653809,0.8362413048744202,0.1988197863101959,2.5401833057403564,3.379037618637085
1,287.2911629000446,0.8127906918525696,0.8955214619636536,0.4040364921092987,0.7215116024017334,0.7560129165649414,0.0010000000474974,1.1607248783111572,0.7144802808761597,0.8305609822273254,0.6176932454109192,0.6386745572090149,0.9121678471565248,1.5269033908843994
2,284.9017812999664,0.8707364201545715,0.94296133518219,0.3044906854629516,0.8035852909088135,0.5333313941955566,0.0010000000474974,0.8380168676376343,0.9024057984352112,0.9661687016487122,0.2394251823425293,0.8279618620872498,0.4401151537895202,0.6757916212081909
3,283.296516500006,0.8988372087478638,0.963014543056488,0.244625523686409,0.84864342212677,0.4282570481300354,0.0010000000474974,0.6726721525192261,0.8211529850959778,0.953153669834137,0.3730915188789367,0.6899682283401489,1.0681015253067017,1.4384721517562866
4,284.16224400000647,0.9242247939109802,0.975980281829834,0.1967716962099075,0.8812015652656555,0.3440617322921753,0.0010000000474974,0.540490448474884,0.6432138085365295,0.7094227075576782,2.22908878326416,0.4098955988883972,2.5868051052093506,4.819855690002441
5,281.713628700003,0.93091082572937,0.979747474193573,0.1798837780952453,0.9010658860206604,0.2998558282852173,0.0010000000474974,0.478554368019104,0.8120744228363037,0.96139657497406,0.5307144522666931,0.7766681909561157,0.8316066861152649,1.364161729812622
6,283.32084559998475,0.9626938104629515,0.99343079328537,0.1006870716810226,0.94418603181839,0.1587380468845367,0.0003000000142492,0.2590416371822357,0.993191123008728,0.999727427959442,0.0333735011518001,0.9559691548347472,0.1364079862833023,0.1680626571178436
7,282.23869020002894,0.965794563293457,0.9949514865875244,0.0892162546515464,0.9548449516296388,0.1354268491268158,0.0003000000142492,0.2246474921703338,0.94552880525589,0.994228720664978,0.1517772078514099,0.9251021146774292,0.2377421557903289,0.3903790712356567
8,284.2941307000001,0.9721899032592772,0.9956009984016418,0.080014020204544,0.9601744413375854,0.1179868653416633,0.0003000000142492,0.1980723738670349,0.97911936044693,0.9982564449310304,0.0660280510783195,0.9459827542304992,0.157466322183609,0.2237705290317535
9,283.97707129997434,0.9725775122642516,0.9966757297515868,0.0711106956005096,0.9625968933105468,0.1139537096023559,0.0003000000142492,0.18515545129776,0.9019519090652466,0.9931327700614928,0.2491776496171951,0.9414435029029846,0.2099568992853164,0.4592097401618957
10,282.5839044000022,0.9801356792449952,0.9978520274162292,0.0578394308686256,0.9748061895370485,0.0804774910211563,9.000000136438757e-05,0.1382621526718139,0.9736722707748412,0.9984726905822754,0.0719993337988853,0.961416244506836,0.1449615508317947,0.2173315435647964
11,281.86052409996046,0.9836240410804749,0.9981346726417542,0.0507187210023403,0.979651153087616,0.0664882510900497,9.000000136438757e-05,0.1173538193106651,0.9909214973449708,0.9991480112075806,0.0313134454190731,0.9741262197494508,0.0916909724473953,0.1231145709753036
12,263.35400679998565,0.9825581312179564,0.99815571308136,0.0498400665819644,0.9814922213554382,0.0642195865511894,9.000000136438757e-05,0.1131479442119598,0.97911936044693,0.9984040856361388,0.0673594698309898,0.971402645111084,0.1135564446449279,0.180711418390274
13,258.3647629999905,0.9850775003433228,0.99871027469635,0.0430968962609767,0.9800387620925904,0.0596831664443016,9.000000136438757e-05,0.1026883497834205,0.9877439737319946,0.9997071623802184,0.0344467163085937,0.9759418964385986,0.0975284650921821,0.132106214761734
14,258.6630160000059,0.9837209582328796,0.9982646703720092,0.0476073808968067,0.9795542359352112,0.0639808624982833,9.000000136438757e-05,0.1115528643131256,0.988197922706604,0.998896062374115,0.0486373677849769,0.9577848315238952,0.1313538998365402,0.1802741885185241
15,257.63218369998503,0.9872093200683594,0.9989012479782104,0.0386337377130985,0.9824612140655518,0.0517909750342369,2.700000004551839e-05,0.0904530361294746,0.9877439737319946,0.9990695118904114,0.0460047870874404,0.9795733094215392,0.0846158415079116,0.130879521369934
16,259.8312530000112,0.9877907037734984,0.9989205598831176,0.0386345349252224,0.9852713346481324,0.048372097313404,2.700000004551839e-05,0.086545892059803,0.989105761051178,0.9992449283599854,0.0361527577042579,0.9827507734298706,0.0712098479270935,0.1075664982199668
17,334.9617624,0.9872093200683594,0.9989310503005981,0.03697151690721512,0.9877907037734985,0.04038675129413605,2.700000004551839e-05,0.07726473361253738,0.984112560749054,0.9985858798027039,0.05152559280395508,0.9795733094215393,0.08827293664216995,0.1400684416294098
18,301.508024,0.9881783127784729,0.9990663528442383,0.03570482134819031,0.9832364320755005,0.049597907811403275,2.700000004551839e-05,0.08538305759429932,0.9895597100257874,0.9991433024406433,0.04141618311405182,0.9745801091194153,0.0929308533668518,0.1346326321363449
19,295.9539228000001,0.9883720874786377,0.9992123246192932,0.03339514881372452,0.9858527183532715,0.04297269508242607,2.700000004551839e-05,0.07640893757343292,0.989105761051178,0.9992069005966187,0.03477858379483223,0.9827507734298706,0.07801362127065659,0.1130061224102974
20,291.95305129999997,0.9884690046310425,0.9991281628608704,0.034192267805337906,0.9877907037734985,0.03946797549724579,8.099999831756577e-06,0.07328584045171738,0.9854743480682373,0.9991487264633179,0.04487219825387001,0.9813889861106873,0.07971334457397461,0.12484865635633469
21,293.6609669999998,0.9899224638938904,0.9994809627532959,0.028906306251883507,0.9888566136360168,0.03814162313938141,8.099999831756577e-06,0.06686492264270782,0.9895597100257874,0.999160885810852,0.03777657076716423,0.9827507734298706,0.08108029514551163,0.11908657103776932
22,292.7322829999998,0.9890503883361816,0.9992199540138245,0.03192942216992378,0.9893410801887512,0.03694441169500351,8.099999831756577e-06,0.0679355338215828,0.9836586713790894,0.9992188215255737,0.05102403461933136,0.9804811477661133,0.08090460300445557,0.13221095502376556
23,293.5887646000001,0.9896317720413208,0.9993806481361389,0.030121944844722748,0.9883720874786377,0.039973508566617966,2.429999995001708e-06,0.07009315490722656,0.9854743480682373,0.9991997480392456,0.04598292335867882,0.982296884059906,0.07875874638557434,0.12500619888305664
24,303.7217482000001,0.9899224638938904,0.9992965459823608,0.03207171708345413,0.987500011920929,0.03820732608437538,2.429999995001708e-06,0.07031933963298798,0.9904675483703613,0.9991872310638428,0.038702160120010376,0.98320472240448,0.0753534808754921,0.1142880916595459
