epoch,accuracy,epoch_time,learning_rate,loss,val_accuracy,val_loss
0,0.1654069721698761,473.18625199998496,0.0010000000474974513,2.4534411430358887,0.3290966749191284,2.028991222381592
1,0.35746124386787415,469.06768730003387,0.0010000000474974513,1.8067359924316406,0.4602814316749573,1.3929556608200073
2,0.544767439365387,431.7770586000406,0.0010000000474974513,1.2813125848770142,0.6200635433197021,1.0188783407211304
3,0.6365309953689575,486.63780189998215,0.0010000000474974513,1.0066121816635132,0.6840671896934509,0.8500707745552063
4,0.710561990737915,514.1481946000131,0.0010000000474974513,0.8117163777351379,0.7648661136627197,0.665162980556488
5,0.7592054009437561,484.806026599952,0.0010000000474974513,0.6813254952430725,0.7494325637817383,0.6628029942512512
6,0.7939922213554382,468.4535591000458,0.0010000000474974513,0.5932756662368774,0.814344048500061,0.5336331129074097
7,0.8289728760719299,474.46382239996456,0.0010000000474974513,0.48083359003067017,0.8719927668571472,0.398796021938324
8,0.8497093319892883,469.682001499983,0.0010000000474974513,0.43336766958236694,0.8647299408912659,0.40595197677612305
9,0.869767427444458,472.4522685999982,0.0010000000474974513,0.3817746043205261,0.8810712695121765,0.3220941424369812
10,0.8823643326759338,475.241244200035,0.0010000000474974513,0.33612897992134094,0.8992283344268799,0.30067726969718933
11,0.896027147769928,470.22176660003606,0.0010000000474974513,0.300678014755249,0.8692691922187805,0.4014846980571747
12,0.8931201696395874,473.4201914999867,0.0010000000474974513,0.3200460374355316,0.9069450497627258,0.27580392360687256
13,0.9121124148368835,475.3217851999798,0.0010000000474974513,0.25637975335121155,0.9087607860565186,0.308994323015213
14,0.9192829728126526,471.2436020000023,0.0010000000474974513,0.24371761083602905,0.9391738772392273,0.19616931676864624
15,0.9300387501716614,474.0883944000234,0.0010000000474974513,0.21104885637760162,0.9450749158859253,0.19485041499137878
16,0.9231589436531067,653.623858099978,0.0010000000474974513,0.21713615953922272,0.8765320181846619,0.32810598611831665
17,0.9240310192108154,578.8869310999871,0.0010000000474974513,0.22978298366069794,0.9273717403411865,0.2350768893957138
18,0.9400193691253662,484.4832242000266,0.0010000000474974513,0.1886696219444275,0.9400817155838013,0.19184823334217072
19,0.9410852789878845,311.58683929999825,0.0010000000474974513,0.18106964230537415,0.9387199282646179,0.2002706229686737
20,0.9557170271873474,284.9223776999861,0.0010000000474974513,0.14097872376441956,0.9251021146774292,0.2676793038845062
21,0.9409883618354797,405.4076885000104,0.0010000000474974513,0.1856033205986023,0.9241942763328552,0.2586999833583832
22,0.9701550602912903,470.7201398999896,0.0003000000142492354,0.08946728706359863,0.9491602182388306,0.16133731603622437
23,0.9784883856773376,284.0895540000056,0.0003000000142492354,0.06678146868944168,0.9555152058601379,0.16562479734420776
24,0.9824612140655518,260.95204190001823,0.0003000000142492354,0.05225592479109764,0.9582387804985046,0.14197184145450592
25,0.9809108376502991,259.8794064000249,0.0003000000142492354,0.05551482364535332,0.9614162445068359,0.13255231082439423
26,0.9813953638076782,375.973873299954,0.0003000000142492354,0.05966673791408539,0.9641398191452026,0.11114891618490219
27,0.9797480702400208,273.8472061000066,0.0003000000142492354,0.057426322251558304,0.9623240828514099,0.12193378061056137
28,0.9828488230705261,247.31841619999614,0.0003000000142492354,0.05144341662526131,0.9645937085151672,0.13277903199195862
29,0.9817829728126526,285.3483225000091,0.0003000000142492354,0.05253251641988754,0.9591466188430786,0.15800932049751282
30,0.9883720874786377,250.91440460004378,9.000000136438757e-05,0.04006330668926239,0.9686790704727173,0.12103179842233658
31,0.9911821484565735,413.8020364000113,9.000000136438757e-05,0.027823038399219513,0.9682251214981079,0.13184602558612823
32,0.9882751703262329,236.78889810002875,9.000000136438757e-05,0.036166489124298096,0.965501606464386,0.14604949951171875
33,0.9903100728988647,235.93935860000784,2.700000004551839e-05,0.027011150494217873,0.971402645111084,0.12374819815158844
34,0.9907945990562439,235.53168889996596,2.700000004551839e-05,0.030256075784564018,0.9718565344810486,0.1103452816605568
35,0.9889534711837769,235.4215150999953,2.700000004551839e-05,0.029812902212142944,0.9736722707748413,0.11832492053508759
36,0.9908914566040039,235.29433579999022,2.700000004551839e-05,0.027395494282245636,0.9718565344810486,0.10987378656864166
37,0.9901162981987,235.62914570001885,2.700000004551839e-05,0.027645885944366455,0.972310483455658,0.11297962069511414
38,0.992829442024231,235.11810580000747,2.700000004551839e-05,0.024807345122098923,0.9750340580940247,0.10741496086120605
39,0.9922480583190918,261.2221455000108,2.700000004551839e-05,0.023637760430574417,0.9750340580940247,0.09782138466835022
